price,title
"9,900원",참닭 춘천 닭갈비 700g+700g/찜닭/갈비/양념육
"7,900원",[러브쿡]창고 대개방 균일가전 / 냄비 후라이팬 주방용품
"12,900원",[순수한면](골라담기)순수한면 ZERO 생리대 16p x 3+3팩
"3,900원",[하이드로더치]10+10+7 하이드로 더치커피 콜드브루 원두 커피
"14,900원",[오뚜기]오뚜기밥 210g 24입
"9,900원",[미스타셰프]미스타셰프 육개장 600g 4팩/즉석탕/즉석국 /사은품
"20,000원",[아이오페]에어쿠션 리필 2개+케이스
"3,900원",[슈베스]슈베스 생리대 2+1 총3팩 체험특가
"17,800원",수미가 100% 국내산 열무김치 5kg +사은품증정
"20,900원",[비치붐]UV 울트라 플랩캡 4종(택1) 성인플랩캡/ 비치붐
"9,900원",[르헤브]1+1+1+1 피톤치드 베개솜/경추 베개솜/마이크로화이바
"35,900원",[상하목장][오플]상하목장 유기농 우유 200ml 24팩 2박스 총48팩_무배
"19,900원",[롯데제과]퀘이커 마시는오트밀 오트그레인/단호박 50g 12입
"24,120원",[벨레다](현대백화점)[무료배송][공식]벨레다 어린이치약 50ml 4개(미니치약 10mlX2개 + 치약스퀴저 증정)
"9,900원",[르까프]케이스위스 르까프 반바지 트레이닝바지
"11,900원",[좋은느낌]유기농순면 뉴 울날중 18PX3/생리대/팬티라이너 /증정
"8,900원",훈훈수산 바다포도 (우미부도) 100g
"5,900원",시스터 여름신상 빅사이즈55~77원피스/롱티/팬츠/세트
"7,400원",[풀무원]본사공식 풀무원 샘물 생수 2Lx12 무료배송
"22,900원",[매일유업]매일 멸균우유 오리지널 200ML  48팩
"15,900원",[크리넥스]마이비데 리필 46매x10개/휴지/물티슈
"10,500원",베베앙 아기물티슈  시그니처 대용량 100매 캡형 10팩
"18,900원",한예지 볼륨앤소프트 천연펄프 화장지 30롤 x3팩
"17,500원",[루메나]오난코리아 FAN PRO 2세대 무선선풍기 3+1
"15,900원",[롯데제과]설레임130mlX24개/월드콘160mlX20개
"25,800원",오난코리아 FAN STAND 2세대 무선선풍기 3+1
"24,900원",[아침농산]국산 농부의아침 백미10kg 2018년산
"19,900원",[라벨영]쇼킹사과초클렌저 1+1+1 /모낭염제거/개기름+피지제거
"29,900원",[플레이도우]메가팩 1+1 총 72팩 플레이도
"28,500원",[박스포유]100%직접생산/ 박스포유 택배박스
"9,900원",[바이레다]바이레다 무선 윈도매틱 물기싹싹 RV-1079 신박효자템
"9,900원",거봉 포도 실중량 2kg (3-4송이) 8/8 포도데이
"10,900원",[남양]과수원 사과/청포도/복숭아 190ml 48팩 맛선택
"13,900원",[베이비베이비]베이비베이비 아기물티슈 트윙클120매 20팩 캡형
"14,800원",휠라 여성언더웨어 브라팬티/팬티3장SET 14800원 특가
"10,500원",[홈스타]바르는 곰팡이 싹 120mlx4개+제습제증정
"6,900원",[비너스]A~F컵 브라/팬티/세트 노와이어 빅사이즈 여성 속옷
"11,700원",[도리도리]도리도리 아기물티슈 100매캡 10팩+10팩 역대가할인
"6,900원",간절기신상/박스티/빅사이즈/루즈핏원피스
"5,900원",[ANDSTYLE]앤드스타일 여름 밴딩팬츠 초특가/린넨/1+1/반바지
"8,900원",[과일나라]페이셜케어 스마트휩 클렌징폼 X5개 / 퍼펙트휩 5종SET
"13,500원",[유니레버]썬실크 트리트먼트 헤어팩 극손상용 200ml 2개
"9,900원",[다온샵]핫세일 반바지청바지린넨슬랙스여성밴딩빅사이즈팬츠
"24,700원",(8/29)D-icon 디아이콘 vol.05 NCT127 - NCT127 and city of angel / 미니포토북+포스터+포토카드 1set
"11,900원",아이러브베베물티슈핑크 100매 리필형X20팩
"11,900원",[샤프란]시어버터 섬유유연제 바닐라리치 용기 3.1Lx4개
"9,900원",여름에도 뽀송뽀송~ 시어서커 쇼파패드/패드
"9,900원",메이킹유 여성 원피스/블라우스/스커트/빅사이즈
"41,900원",2개사면 +2개 더/이지퀵다이어트식품/뱃살감량/S라인
"13,900원",[디프니]디프니 원피스/롱원피스/여름원피스/여성원피스~
"9,900원",통통 연어통살 200G / 2개 구매시 500G 용량 UP 발송
"14,900원",[다우니]초고농축 다우니 섬유유연제 엑스퍼트 실내건조 1L 3개
"8,900원",잇슈 여름샌들균일가 플랫 스트랩 슬리퍼 통굽웨지 뮬
"41,500원",[맥심]맥심 모카골드  커피믹스 420T(210T+210T)  /무료배송
"87,100원",[머렐](대구신세계)머렐 18FW 역시즌 원식스 에잇 중량 롱다운 5218OD401 5218JD430 5218JD431 출시가:450 000원
"49,800원",콩블리 흰강낭콩 탄수화물 컷 2+1
"115,650원",[2019최신/최고급형]신일 에어써큘레이터 스탠드형 SIF-PC40NBK_화이트
"10,900원",[홈스타]홈스타 뿌리는 곰팡이 싹 750mlx3개+제습제증정
"29,900원",통째로 빨아쓰는 중독베개 (라돈 안전) 1+1 커버1개 더
"38,900원",[엠리밋]엠리밋 최종가 아이스 패키지 6종(남)
"4,900원",[키즈레시피]키즈레시피 여름린넨팬츠/아이스팬츠/냉장고팬츠 세일
"12,510원",[동원에프앤비]라이트 스탠다드 참치 100g 10캔 원터치
"14,900원",프렌치카페 컵 커피6종 200ml 10+10 골라담기/캔커피
"1,187,000원",[LG전자]LG전자 디오스 S831S30 양문형냉장고 (주)삼정
"6,900원",남성 트레이닝복/반바지/5부/7부/운동복/빅사이즈~120
"9,900원",[매일유업]바리스타룰스 코스타리카 아메리카노 330ml 12팩
"12,900원",[양키캔들]양키캔들 차량용 모음전 외 스피어스 1+1
"9,500원",NEW땡큐 화장지 (30롤 x 2팩) / 3겹 두루마리 휴지
"12,900원",아이러브베베물티슈핑크100매캡형X20팩
"6,900원",밤볼라 여성샌들 시즌오프 특가 6900원~
"19,900원",[GNM자연의품격]칼슘 마그네슘 아연 비타민D 2통/6개월분
"7,900원",심리스 브라  브라나시 1+1/심리스팬티 5장세트 외
"9,870원",[카파]카파 아동 래시가드 아동 여름 의류 아동화 최신상
"7,900원",특가 캔버스 숄더백 에코백
"8,900원",씨밀렉스 대용량 진공스텐 텀블러+ 손잡이 + 밀폐뚜껑
"6,900원",S~4XL 반팔티/티셔츠/남자/면티/남성/의류/티/반팔
"22,900원",가정식 생포기김치10Kg /총각/HACCP
"47,900원",[홈플러스](행사상품)청원농협_왕의밥상_20KG 포 
"171,060원",[애플]국내 당일발송 애플 에어팟2세대 MV7N2KH/A 이어폰
"46,900원",황금미가 20kg 18년산 (당일도정)
"29,700원",[코디]코디 허브가든 3겹 27M 30롤 3팩(90롤)/화장지 휴지
"36,310원",(현대Hmall)[SH-8] 샤밀리앙 커버리지 런닝형 패키지 11종
"11,700원",[브레프]브레프 파워 액티브 변기세정제 9개/화장실 방향제
"9,900원",안녕미미 99~12900원 시즌오프 원피스
"12,900원",대박난박양 여름원피스 비치원피스 빅사이즈원피스
"9,900원",투투 여름세일 슬랙스/청바지/빅사이즈~3XL
"6,900원",홍스타일 비치웨어 빅사이즈원피스/티셔츠/간절기
"12,700원",무형광천연펄프 종이컵2000개 6.5온스
"28,300원",삼성 A4 복사용지 A4용지 복사지 75g 4000매(2박스)
"59,000원",동결건조 자연조미료 자연한알+마늘한알
"17,900원",[Super Soaker]너프 수퍼소커 소크주카 물총 +사은품 증정
"24,900원",[타미힐피거]타미힐피거 여성 카라 민소매 원피스 7종
"9,900원",[갤럭시]1+1 완벽등급 방수팩 휴대폰/핸드폰/스마트폰/노트8
"7,900원",시즌오프 최종세일 남여 샌들 슬리퍼 아쿠아슈즈 신발
"5,900원",쁘띠뮤 끝장할인 상하복/원피스/티셔츠 3900원부터~
"13,900원",[퐁퐁]퐁퐁 베이킹소다 주방세제 1.2L 3개+3개
"17,500원",[오뚜기]맛있는 오뚜기밥 210g x 24개입(1박스)
"3,900원",[섀르반]썸머특가 래쉬가드/수영복/여름상하복/아동복
"9,900원",[데일리콤마]데일리콤마 디퓨저 본품 1+1+1+1/ G마켓 단독향
"9,900원",[바디피트]바디피트 순간흡수 생리대 중형 16Px6팩
"12,900원",[스마트에코]스마트에코 아기물티슈 비바체 100매 20팩 캡형
"7,900원",여름신상 7900원 티셔츠/레깅스/라운드티
"24,900원",콩블리 흰강낭콩 탄수화물 컷
"20,880원",대디베이비 슬림 팬티기저귀[4팩]/뉴 업그레이드/최강의 부드러움/특대형/점보/
"7,900원",마을 열무김치 2kg
"8,500원",[CGV](CGV) 영화관람권 1매/예매권/전일 사용가능
"19,400원",[백산수]농심 백산수 2L x 24병 / 생수
"24,900원",[파우파우]국산 절약형 패드 400매 강아지 애견 배변 용품
"8,900원",7종 귀청소기 귀파개 내시경 귀이개 귀 귀내시경
"22,900원",[리큐]액체세탁세제 리큐 알카파워 2.1Lx6개(일반용)+사은품
"6,900원",수맘 2019 여름신상 바캉스룩 원피스 비치웨어 민소매
"26,900원",[잘풀리는집]순수PURE 천연펄프 25m30롤 x3팩/휴지/화장지
"32,900원",[맥심]화이트골드 커피믹스 160T+160T 커피
"27,800원",DUB만의 실리콘 논슬립 벨벳 대쉬보드커버
"16,500원",[오뚜기]오뚜기 참치/야채/고추 150g 12캔
"9,900원",핑크퐁 상어가족 어린이 마스크팩 8세 미만 1+1 (8팩)
"7,900원", 균일가  브라1+팬티1 세트
"5,900원",[라벨영]빵꾸솝 쿨버전 비누 2+1 EVENT / 모공축소+피지 제거
"12,900원",[롯데칠성]칠성 사이다 210ml x 30캔 박스 포장 /롯데칠성몰 공식
"3,900원",누네띠네 대용량 옛날과자 쿠키 꾀돌이 인간사료 약과
"15,900원",[밀크바오밥]오리지널 샴푸 1000ml+트리트먼트 1000ml / 헤어 2종
"44,900원",[질레트]질레트플렉스볼 프로쉴드면도기+면도날 10입 +타올
"13,500원",페브리즈 차량용 방향제 2.2ml 4개 맑은하늘바람 G
"27,900원",[콘에어]콤팩트 파워 핸디형 스팀다리미 GS2K +스팀다리미 장갑
"33,900원",[프렌치카페]프렌치카페 카페믹스/믹스커피 200Tx2 (400T)
"11,900원",프리미엄 목삼겹(구이용) (500g+500g+500g) 3세트
"23,400원",[동원에프앤비]라이트 스탠다드 참치 100g 20캔 원터치
"7,900원",[럭스]비누 매지컬 스펠 6개 + 소프트 커레스 6개
"9,900원",[에뛰드하우스]사각사각 모공스크럽 지마켓 런칭 특가 최대 60%
"18,900원",애경 스파크 세탁세제 9.5Kg 2개/ 가루세제
"6,200원",[델몬트]델몬트드링크팩 190mlx24팩/오렌지/사과/망고/포도
"12,700원",우리스카이종이컵 2000개/6.5oz자판기용 /국내산
"30,900원",[크리넥스]데코소프트클래식 화장지 27M30롤x2팩/휴지
"7,800원",[비버리힐스폴로클럽]1매2900원/드로즈/사각/팬티/남성/남자/세트/면/속옷
"34,800원",[맥심]모카골드 커피믹스 160T+160T +사은품랜덤
"30,900원",[크리넥스]데코소프트 화장지 30롤 2팩/휴지 +증정
"20,700원",[세컨스킨] 반원 패턴 캡슬리브이지 롱드레스(6컬러) NNWGD4005(갤러리아)
"11,900원",[유한양행]유한락스 세탁조 세정제 500ml 3개+본품 추가증정
"5,900원",국산스킨슈즈/아쿠아슈즈/여름신발/물놀이신발
"9,900원",글램공감/브라1+팬티2/속옷세트/빅사이즈/여성속옷
"4,900원",[크린랲]라텍스/ 크린랩 레이스 고무장갑 (바이올렛S소 x 4P)
"8,900원",(아웃백/이디야) 통합 상품권(15개 브랜드) 1만원권
"6,900원",코코리 여름까지쭉입기좋은 롱티박스티원피스
"39,900원",[맥심]모카골드 커피믹스 360T(카카오) +아이스박스(떼샷)
"10,900원",[풀무원]본사공식 풀무원 샘물 생수 500mlx40팩 무료배송
"16,900원",[창신리빙]냉장고정리 고급형A/밀폐용기 소분 반찬통 플라스틱
"29,900원",[종근당]황제침향단 30환 1박스
"8,900원",HACCP 맥반석구운계란30구+30구
"5,900원",제이나나 여름 마지막 베스트 상품 특가
"30,900원",[스팸]스팸 클래식 340g 10개
"16,900원",[Aura]샤프란 AURA 섬유유연제 윌유메리미 5.5L +장바구니
"7,500원",[터치미]알로에베라 알로에수딩젤 수분크림 500mlx2개+100ml
"18,700원",[르까프]가볍고 통기성이 좋은 아동 운동화 5종 택1 1117NK103104105 1117KS203204
"9,900원",단비샵 여성 티셔츠/원피스/가디건/셔츠/블라우스
"12,900원",로드블링 시즌오프/간절기신상/원피스/린넨/티셔츠
"14,850원",(스마일클럽 전용) 99그램 - 유럽 도시 기행 1  (총 4권 + 노트 + 여행파우치)
"14,900원",체형커버 상의.하의세트 래쉬가드 빅사이즈 비치웨어
"28,700원",3SK택배박스 창립기념 7월 할인 이벤트
"11,900원",[G7]베트남 G7 커피/Pure Black 200T/블랙
"25,800원",[공백]공백 세탁조 크리너 1+1
"46,000원",[삼성전자]삼성전자 데스크탑 DDR4 8GB PC21300
"26,200원",[애경]에이지투웨니스 팩트 리필 2개+케이스+세럼+폼클렌저+퍼프2+쇼핑백
"6,900원",홍스타일 비치웨어/빅사이즈원피스/롱티셔츠/간절기
"22,900원",[무로]무로 롱거라이트 1세트 : 조명/무드등/LED등/수면등
"13,900원",[미쟝센]미쟝센 펄 스무스실키 모이스처 샴푸 900ML X3
"24,700원",(8/29) D-icon vol.5 NCT127 and city of angel
"9,900원",[르헤브](1+1)국내산 여름 메밀베개/편백나무베개/유아베개
"3,900원",[릴리푸리]역마진특가 3900/5900 균일가 아동 상하복/원피스 外
"9,900원",[팬콧]팬콧 아동 아쿠아슈즈 샌들 비치가운 비치백 플랩캡
"9,900원",[패리스독]패리스독 강아지 하네스 가방 외출용품 초특가
"17,700원",[젤리스푼]아동복/티셔츠/상하복/레깅스/아동래쉬가드/원피스
"5,900원",전상품 5900 균일가 래쉬가드 반바지 반팔티 시즌오프
"9,900원",[솔로이스트]솔로이스트 여성 원피스/빅사이즈+20%쿠폰 UTCJ2H01
"7,900원",크리스탈 블랙라벨 생수 500ml 40개
"17,900원",[햇반]CJ 햇반 210g 24입
"14,300원",[릴리유]릴리유 도톰한 물티슈 하트엠보싱 캡 80매 10팩
"15,900원",[벨리에르]60수 아사 시어서커 여름 이불+베개커버세트
"20,900원",[비비고]비비고 갈비탕 400g 5봉
"26,910원",[다이소]공식판매처/택배박스/봉투/로고인쇄/당일발송/소량
"13,900원",[테크]테크 베이킹구연산 액체세제 일반 리필  1.8L 4개
"10,300원",[바디피트]볼록맞춤 슈퍼롱 오버나이트/생리대 20Px2팩
"31,500원",[HP]HP A4 복사용지(A4용지) 75g 2500매 2BOX/더블에이
"50,900원",보성다향미20kg/쌀20kg 농협햅쌀/백미20kg/당일도정
"37,100원",(25)락토핏 생유산균골드 3통150포+사은품
"34,800원",[맥심]맥심 모카골드 320T+랜덤사은품/커피/커피믹스
"25,800원",[유파]유파 초미풍 발터치 리모콘 선풍기 AKF-EM1405SR(물류)
"44,370원",[파세코]DC 써큘레이터 공기순환기 PCF-D087AB /보관가방포함
"29,850원",[레이지비]레이지비 남녀 레쉬가드 세트[루즈핏/레귤러핏] 9종 택1+사은품(수영가방)
"7,110원",[모다아울렛][에어워크주니어外]  썸머마무리특가  기능성티셔츠/상하복/팬츠/래쉬가드모음
"20,900원",[비비고]비비고 육개장 500g 8봉
"6,900원",[모스트맘]쿨하게 가즈아~쿨세트/쿨원피스/쿨바지/복수 구매할인
"4,900원",[갤럭시]노트8/노트9/S9/S8/아이폰X/플러스/7/8/핸드폰 케이스
"19,800원",상+하의 2pcs세트 래쉬가드/빅사이즈/수영복/비욘01
"9,900원",[훼르자]1+1쿨에버반바지/스포츠반바지/반바지/4부/3부/숏/7부
"25,700원",[퍼실]퍼실 딥클린 라벤더 드럼/일반 2.7L x2개+사은품
"12,900원",엄마옷로즈맘  여름신상 풍기인견 5060대중년여성의류
"20,900원",[스팸]스팸 클래식 200g 10개
"11,900원",[테크액체세제]테크 파워액체세제 대용량 8L
"11,900원",[트레비]트레비  레몬 355ml x 24캔
"14,900원",[오뚜기]진짜쫄면 1박스(20개)
